Rybalko,5
boroda34vlg,5
alina902-du,1
alyasushchev,2
hottentot,3
Rybalko,3
fluffypzdk,5
Vova,1
Lena,2
davidrussen,6
Rybalko,4
mprfctn,5
Vova,1
Lena,2
nastasiavrn,6
sashakolm3,3
Max,5
anarbinov1998,1
alianaydich,2
tyunkin93,6
Rybalko,5
boroda34vlg,5
alina902-du,1
alyasushchev,2
hottentot,6
Rybalko,3
fluffypzdk,5
Vova,1
Lena,2
davidrussen,6
Rybalko,6
mprfctn,5
Vova,1
Lena,2
nastasiavrn,6
anarbinov1998,1
alianaydich,2
tyunkin93,6
Rybalko,5
boroda34vlg,5
alina902-du,1
alyasushchev,2
hottentot,6
Rybalko,3
fluffypzdk,5
Vova,1
Lena,2
davidrussen,6
Vova,1